{
    "dataset_size": 20433,
    "rmse": 69297.71669113015,
    "r2": 0.6488402154432009
}